"Variable","ObservedStatistics","ACE_AIC","CE_AIC","AE_AIC","E_AIC","ACE_noC_pval","ACE_noA_pval","ACE_noAC_pval","ACE_model_conf_set","AE_model_conf_set","CE_model_conf_set","E_model_conf_set","ACE_A_95CI","ACE_C_95CI","ACE_E_95CI","AE_A_95CI","AE_E_95CI","CE_C_95CI","CE_E_95CI","E_E_95CI","CODE_ACE","CODE_AE","CODE_CE","CODE_E","ACE_A","ACE_C","ACE_E","AE_A","AE_E","CE_C","CE_E","E_E"
"ProcSpeed_rawZ",421,250.383555183968,249.55162528569,249.901936699847,285.59858502077,0.217864582526255,0.279798137736372,3.0518590164918e-09,"*","*","*","","0.23 (0.00, 0.58)","0.23 (0.00, 0.50)","0.54 (0.41, 0.69)","0.49 (0.35, 0.60)","0.51 (0.40, 0.65)","0.41 (0.29, 0.51)","0.59 (0.49, 0.71)","1.00 (NA, NA)",0,0,0,0,0.231141066872056,0.232589834185892,0.536269098942052,0.489306907364392,0.510693092635608,0.407680123426317,0.592319876573683,1
"CJOLOZ",414,292.592524939472,303.382214814369,290.592524939432,319.691616838371,1,0.000348534893562083,1.76570439515417e-07,"*","*","","","0.49 (0.34, 0.62)","0.00 (NA, 0.13)","0.51 (0.38, 0.66)","0.49 (0.34, 0.62)","0.51 (0.38, 0.66)","0.29 (0.16, 0.41)","0.71 (0.59, 0.84)","1.00 (NA, NA)",0,0,0,0,0.494588275635554,7.16636939263181e-14,0.505411724364374,0.49458843287008,0.50541156712992,0.293090415888737,0.706909584111263,1
"TotalComposite_agecorr_stanZ",418,270.463001731674,290.168458909557,268.463001731557,351.158031555008,1,3.17885687884034e-06,4.06170101555862e-19,"*","*","","","0.72 (0.62, 0.79)","0.00 (NA, 0.23)","0.28 (0.21, 0.38)","0.72 (0.62, 0.79)","0.28 (0.21, 0.38)","0.51 (0.41, 0.61)","0.49 (0.39, 0.59)","1.00 (NA, NA)",0,0,0,0,0.720921874525479,9.56372024357815e-13,0.279078125473565,0.72092173029462,0.279078269705381,0.513306440727495,0.486693559272505,1
